Gene	log2FoldChange	color
ENSG00000001167	0.292125051	white
ENSG00000004848	1.058132229	red
ENSG00000005073	4.164885268	red
ENSG00000005102	2.682523718	red
ENSG00000005513	1.990962146	red
ENSG00000005801	0.397329076	white
ENSG00000005889	-0.163034147	white
ENSG00000006194	0.267278659	white
ENSG00000006377	3.1539829	red
ENSG00000006468	1.424043516	red
ENSG00000006704	1.40740515	red
ENSG00000007372	0.663280569	red
ENSG00000007866	0.078304597	white
ENSG00000007968	1.035699123	red
ENSG00000008196	-0.171656737	white
ENSG00000008441	0.192256812	white
ENSG00000009709	0.592227023	white
ENSG00000009950	-4.915297536	green
ENSG00000010030	0.166453044	white
ENSG00000010539	-0.073883848	white
ENSG00000010818	-0.479747059	white
ENSG00000012048	1.821711307	red
ENSG00000012223	-1.06562392	green
ENSG00000012504	-2.783721185	green
ENSG00000016082	5.139868665	red
ENSG00000018607	1.247835264	red
ENSG00000018869	-0.936193431	green
ENSG00000019549	-0.233431247	white
ENSG00000020256	1.082541402	red
ENSG00000020633	-1.230005223	green
ENSG00000025156	0.152543288	white
ENSG00000025434	-1.471065718	green
ENSG00000028277	-0.601610595	white
ENSG00000029153	0.783337088	red
ENSG00000029363	-0.583833034	white
ENSG00000030419	0.242831818	white
ENSG00000037965	6.828409336	red
ENSG00000039600	0.330598439	white
ENSG00000043039	5.333857665	red
ENSG00000043355	6.516736932	red
ENSG00000049768	-0.977130772	green
ENSG00000050344	1.406323379	red
ENSG00000052850	3.626235085	red
ENSG00000054598	1.942899034	red
ENSG00000057657	-0.027506633	white
ENSG00000059728	-0.843908368	green
ENSG00000061455	1.716020811	red
ENSG00000062370	1.354294626	red
ENSG00000063438	1.044863598	red
ENSG00000063515	0	white
ENSG00000063587	-0.833289706	green
ENSG00000064195	4.084948462	red
ENSG00000064218	1.139078221	red
ENSG00000064490	0.939386356	red
ENSG00000065029	-0.069154515	white
ENSG00000065970	0.662342696	red
ENSG00000065978	0.193305957	white
ENSG00000066136	-0.345353897	white
ENSG00000066336	-1.099003574	green
ENSG00000066422	-0.161379567	white
ENSG00000067082	-0.285102119	white
ENSG00000067646	-1.729513715	green
ENSG00000067955	0.256409019	white
ENSG00000068305	-0.641663659	white
ENSG00000068323	0.197622437	white
ENSG00000069011	7.348546114	red
ENSG00000069399	-2.235748527	green
ENSG00000069667	-2.06751438	green
ENSG00000070444	0.457045333	white
ENSG00000070476	-0.913958136	green
ENSG00000071564	1.496262842	red
ENSG00000071794	0.226286992	white
ENSG00000072310	-1.874175682	green
ENSG00000072736	-0.922244252	green
ENSG00000073282	-1.832279567	green
ENSG00000073861	-1.91629195	green
ENSG00000074047	2.215971295	red
ENSG00000075407	0.184598891	white
ENSG00000075426	-0.57209194	white
ENSG00000075891	6.306224128	red
ENSG00000077092	0.796759502	red
ENSG00000077150	0.179339095	white
ENSG00000077463	0.996541221	red
ENSG00000078399	0.550031829	white
ENSG00000078900	0.450642972	white
ENSG00000080298	0.536228961	white
ENSG00000081059	-1.929181328	green
ENSG00000081189	0.083551937	white
ENSG00000081386	0.026989226	white
ENSG00000081665	1.104208175	red
ENSG00000082175	1.126450482	red
ENSG00000082258	-0.28662906	white
ENSG00000082641	-0.691636887	green
ENSG00000083812	-1.334190549	green
ENSG00000083814	0.916970911	red
ENSG00000083817	0.627270947	white
ENSG00000083828	-0.029663853	white
ENSG00000083844	0.044872001	white
ENSG00000084093	-0.020912222	white
ENSG00000085276	2.07506668	red
ENSG00000085644	1.566780835	red
ENSG00000087510	5.166610613	red
ENSG00000087903	-0.818483763	green
ENSG00000088038	0.533837965	white
ENSG00000088876	0.295315344	white
ENSG00000088881	0.2939216	white
ENSG00000089116	0.304421164	white
ENSG00000089225	0.812550101	red
ENSG00000089335	-0.031054052	white
ENSG00000090447	0.271896093	white
ENSG00000091010	3.574465153	red
ENSG00000091831	-4.365555251	green
ENSG00000092067	-0.626792623	white
ENSG00000092607	-3.370594649	green
ENSG00000095564	-0.374046076	white
ENSG00000095794	-1.688428666	green
ENSG00000096401	-0.296571681	white
ENSG00000096654	0.494321757	white
ENSG00000097007	0.600623415	white
ENSG00000099326	0.664434934	red
ENSG00000100105	0.114464816	white
ENSG00000100146	-0.334206454	white
ENSG00000100219	-2.718754984	green
ENSG00000100393	0.076523353	white
ENSG00000100625	1.589738455	red
ENSG00000100644	0.806965283	red
ENSG00000100811	-0.241949547	white
ENSG00000100823	0.339676428	white
ENSG00000100968	2.112322514	red
ENSG00000100987	0.941313543	red
ENSG00000101057	2.131244551	red
ENSG00000101076	-2.804101825	green
ENSG00000101096	-0.850482113	green
ENSG00000101115	-1.379371781	green
ENSG00000101216	0.05823254	white
ENSG00000101412	3.068171272	red
ENSG00000101457	-0.056584472	white
ENSG00000101493	-0.087554888	white
ENSG00000101665	0.457477547	white
ENSG00000101883	0.815134968	red
ENSG00000102034	1.950110797	red
ENSG00000102145	-2.087311686	green
ENSG00000102349	-0.104589888	white
ENSG00000102554	2.71458119	red
ENSG00000102870	0.686441755	red
ENSG00000102878	0.665076613	red
ENSG00000102908	0.046771553	white
ENSG00000102935	1.236771487	red
ENSG00000102974	0.318726376	white
ENSG00000103199	0.713047646	red
ENSG00000103241	-0.28969837	white
ENSG00000103343	0.985288916	red
ENSG00000103449	-2.23388399	green
ENSG00000103495	0.664173973	red
ENSG00000104064	0.058358626	white
ENSG00000104447	0.452578584	white
ENSG00000104856	0.484851866	white
ENSG00000104903	-0.164292183	white
ENSG00000105136	0.865867099	red
ENSG00000105261	0.549454454	white
ENSG00000105392	-0.490170509	white
ENSG00000105419	1.307573662	red
ENSG00000105497	0.201881286	white
ENSG00000105516	-0.138317318	white
ENSG00000105610	-0.442514194	white
ENSG00000105672	-0.03980553	white
ENSG00000105698	-0.399281466	white
ENSG00000105708	0.836972494	red
ENSG00000105717	0.699855449	red
ENSG00000105722	-0.919161341	green
ENSG00000105732	0.458306771	white
ENSG00000105750	1.055840353	red
ENSG00000105856	-0.211932906	white
ENSG00000105866	0.70431449	red
ENSG00000105880	2.281151142	red
ENSG00000105967	-0.50442075	white
ENSG00000105991	0.563876975	white
ENSG00000105996	1.136305523	red
ENSG00000105997	2.20203006	red
ENSG00000106004	-0.240978245	white
ENSG00000106006	4.379449434	red
ENSG00000106031	7.027421145	red
ENSG00000106038	7.647211713	red
ENSG00000106261	-1.175053236	green
ENSG00000106290	1.078181105	red
ENSG00000106331	-3.970432442	green
ENSG00000106459	0.696048032	red
ENSG00000106511	0.013060102	white
ENSG00000106536	-1.696019466	green
ENSG00000106546	-0.985702083	green
ENSG00000106571	2.11413122	red
ENSG00000106689	-2.130259667	green
ENSG00000106852	0.325975351	white
ENSG00000107175	0.505588358	white
ENSG00000107249	1.427101714	red
ENSG00000107485	-0.956734704	green
ENSG00000107859	2.956675765	red
ENSG00000108001	0.806300236	red
ENSG00000108055	0.310101876	white
ENSG00000108511	3.332938368	red
ENSG00000108788	-0.73727981	green
ENSG00000108813	7.859024407	red
ENSG00000108924	-3.300007195	green
ENSG00000109101	3.908322265	red
ENSG00000109132	-0.743411779	green
ENSG00000109320	-0.126591428	white
ENSG00000109381	-0.520907969	white
ENSG00000109705	4.537544958	red
ENSG00000109787	-0.282573557	white
ENSG00000109851	0.380547423	white
ENSG00000109906	-2.538656809	green
ENSG00000110693	0.305730549	white
ENSG00000110777	-1.307881893	green
ENSG00000110851	1.055008067	red
ENSG00000111046	-0.345621311	white
ENSG00000111049	0.67632334	red
ENSG00000111087	1.859553457	red
ENSG00000111145	0.997436611	red
ENSG00000111206	1.837886652	red
ENSG00000111249	-4.935237635	green
ENSG00000111424	1.322365962	red
ENSG00000111653	1.099347553	red
ENSG00000111704	-0.416377937	white
ENSG00000111783	1.062846441	red
ENSG00000112033	-0.172601234	white
ENSG00000112182	-2.139594627	green
ENSG00000112238	-0.994177311	green
ENSG00000112242	1.080118744	red
ENSG00000112333	0.66353691	red
ENSG00000112365	-0.010433938	white
ENSG00000112561	0.107440592	white
ENSG00000112592	-0.414911487	white
ENSG00000112658	-0.474810815	white
ENSG00000112837	1.615978806	red
ENSG00000113196	0.591087029	white
ENSG00000113430	4.170405655	red
ENSG00000113580	-0.201023517	white
ENSG00000113658	0.837408437	red
ENSG00000113722	1.95951239	red
ENSG00000113916	-2.129137883	green
ENSG00000114126	0.653470819	red
ENSG00000114315	-1.125455428	green
ENSG00000114853	0.501685768	white
ENSG00000114861	-0.322742497	white
ENSG00000115112	3.120568521	red
ENSG00000115207	0.546301417	white
ENSG00000115297	-0.791747294	green
ENSG00000115415	1.436504845	red
ENSG00000115507	3.122044943	red
ENSG00000115844	4.665679967	red
ENSG00000115966	0.031344647	white
ENSG00000116016	-2.047646924	green
ENSG00000116017	0.978539506	red
ENSG00000116035	3.537488309	red
ENSG00000116044	-1.301391092	green
ENSG00000116132	4.509482057	red
ENSG00000116478	0.223994397	white
ENSG00000116560	-0.320812348	white
ENSG00000116604	0.141628442	white
ENSG00000116819	2.439895029	red
ENSG00000116833	-1.212737329	green
ENSG00000117000	-0.685980582	green
ENSG00000117010	-2.160173734	green
ENSG00000117036	0.300888102	white
ENSG00000117595	-0.373361026	white
ENSG00000117707	-1.895936893	green
ENSG00000118156	-1.74499096	green
ENSG00000118217	-0.213129108	white
ENSG00000118260	0.225759174	white
ENSG00000118263	0.6582102	red
ENSG00000118495	0.607458967	white
ENSG00000118513	0.308072541	white
ENSG00000118620	1.417429766	red
ENSG00000118689	-0.860250138	green
ENSG00000118707	0.039800719	white
ENSG00000118922	-1.853105698	green
ENSG00000119138	-2.359097009	green
ENSG00000119508	-2.694145422	green
ENSG00000119547	1.453507345	red
ENSG00000119574	0.995597857	red
ENSG00000119715	-0.307993321	white
ENSG00000119725	-0.188046668	white
ENSG00000119866	1.426882783	red
ENSG00000119919	2.39188049	red
ENSG00000119950	-0.722967568	green
ENSG00000120068	7.471783111	red
ENSG00000120075	3.46197712	red
ENSG00000120093	1.478782495	red
ENSG00000120094	-2.26204116	green
ENSG00000120149	2.833816084	red
ENSG00000120656	-0.463486407	white
ENSG00000120690	-0.134328645	white
ENSG00000120693	0.346104941	white
ENSG00000120738	-1.190561144	green
ENSG00000120784	0.791373274	red
ENSG00000120798	-0.985418795	green
ENSG00000120837	-0.390689455	white
ENSG00000121068	1.646493521	red
ENSG00000121075	4.563683081	red
ENSG00000121406	1.308698617	red
ENSG00000121413	0.324181052	white
ENSG00000121417	0.092736071	white
ENSG00000121454	0.626839769	white
ENSG00000121864	-0.325163475	white
ENSG00000121903	2.147365698	red
ENSG00000122034	-0.85584308	green
ENSG00000122145	0	white
ENSG00000122180	2.229057811	red
ENSG00000122386	0.417467359	white
ENSG00000122691	3.470908269	red
ENSG00000122877	-0.89221504	green
ENSG00000123095	3.024963218	red
ENSG00000123268	0.145241406	white
ENSG00000123358	-1.697042589	green
ENSG00000123364	4.703669755	red
ENSG00000123388	1.625735675	red
ENSG00000123405	-1.762198939	green
ENSG00000123407	-0.082896169	white
ENSG00000123411	-0.294918837	white
ENSG00000123685	-0.293896801	white
ENSG00000123933	0.666600703	red
ENSG00000124216	-0.417576005	white
ENSG00000124459	0.246007551	white
ENSG00000124613	1.715487314	red
ENSG00000124664	3.415737413	red
ENSG00000124766	3.277344484	red
ENSG00000124782	-1.111731075	green
ENSG00000124813	1.749357693	red
ENSG00000124827	1.184509591	red
ENSG00000125285	4.705205196	red
ENSG00000125347	-1.260734655	green
ENSG00000125398	3.670328252	red
ENSG00000125492	0.945425759	red
ENSG00000125533	0	white
ENSG00000125618	2.661062959	red
ENSG00000125740	-3.777377035	green
ENSG00000125798	-1.6332637	green
ENSG00000125812	-0.157230184	white
ENSG00000125813	1.763541011	red
ENSG00000125816	-0.114583017	white
ENSG00000125817	0.351109183	white
ENSG00000125820	3.919780885	red
ENSG00000125846	0.578814535	white
ENSG00000125850	5.439036189	red
ENSG00000125878	0.477675831	white
ENSG00000125945	0.035326376	white
ENSG00000125952	-0.26112974	white
ENSG00000126003	0.349453271	white
ENSG00000126351	1.414768179	red
ENSG00000126368	-1.19449882	green
ENSG00000126456	0.22174946	white
ENSG00000126561	0.26539783	white
ENSG00000126603	2.263621193	red
ENSG00000126746	0.677940612	red
ENSG00000126767	-0.35978139	white
ENSG00000126778	0.614947363	white
ENSG00000127081	-0.280840212	white
ENSG00000127152	-0.376191049	white
ENSG00000127528	-0.228083285	white
ENSG00000127903	0.733571306	red
ENSG00000127989	0.547409529	white
ENSG00000128000	0.360400832	white
ENSG00000128272	-0.264401144	white
ENSG00000128573	-2.351316103	green
ENSG00000128604	0.514186775	white
ENSG00000128610	3.488455703	red
ENSG00000128645	3.047324189	red
ENSG00000128652	1.337424447	red
ENSG00000128709	3.888499878	red
ENSG00000128710	3.427548884	red
ENSG00000129152	4.060924553	red
ENSG00000129173	2.392228264	red
ENSG00000129194	0.552754747	white
ENSG00000129351	0.565210431	white
ENSG00000129514	-1.096023944	green
ENSG00000129535	-1.619902564	green
ENSG00000129654	6.838161812	red
ENSG00000129911	-0.712955068	green
ENSG00000130182	-1.03190492	green
ENSG00000130522	-1.704821473	green
ENSG00000130544	0.622228662	white
ENSG00000130584	0.003043344	white
ENSG00000130675	8.040582231	red
ENSG00000130684	0.94869975	red
ENSG00000130699	0.363798267	white
ENSG00000130700	-0.404044683	white
ENSG00000130711	0.516843526	white
ENSG00000130726	0.760075181	red
ENSG00000130803	0.157804494	white
ENSG00000130818	1.25338793	red
ENSG00000130844	-1.957167861	green
ENSG00000130856	0.420785352	white
ENSG00000131061	0.779755747	red
ENSG00000131115	0.302700258	white
ENSG00000131127	0.098887508	white
ENSG00000131196	-0.15459484	white
ENSG00000131264	0	white
ENSG00000131408	0.167926783	white
ENSG00000131668	0.994981033	red
ENSG00000131759	-0.347117233	white
ENSG00000131845	0.404184499	white
ENSG00000131848	0.205906898	white
ENSG00000131849	1.133248382	red
ENSG00000131931	0.080504546	white
ENSG00000132005	-0.490504052	white
ENSG00000132010	0.855836098	red
ENSG00000132170	-1.895365137	green
ENSG00000133111	0.820266037	red
ENSG00000133740	0.845710298	red
ENSG00000133794	-1.72973751	green
ENSG00000133937	3.252602416	red
ENSG00000134107	-2.098858462	green
ENSG00000134138	1.047268172	red
ENSG00000134317	-3.283922891	green
ENSG00000134323	2.61612791	red
ENSG00000134438	1.770468962	red
ENSG00000134532	-4.069352803	green
ENSG00000134595	-1.325015769	green
ENSG00000134852	-0.087719953	white
ENSG00000134954	-0.413217059	white
ENSG00000135100	-0.740271472	green
ENSG00000135111	-2.173522943	green
ENSG00000135373	4.599390362	red
ENSG00000135374	-0.611728458	white
ENSG00000135457	0.744511222	red
ENSG00000135547	-1.192514196	green
ENSG00000135625	4.493068151	red
ENSG00000135638	0.61372798	white
ENSG00000135903	-1.491308949	green
ENSG00000136352	0	white
ENSG00000136367	2.208938631	red
ENSG00000136535	-3.66840933	green
ENSG00000136574	-2.331640072	green
ENSG00000136826	-1.326243075	green
ENSG00000136866	0.345339192	white
ENSG00000136870	-0.330111382	white
ENSG00000136931	-0.123637272	white
ENSG00000136944	4.712199307	red
ENSG00000136997	-0.504165698	white
ENSG00000137090	4.069089059	red
ENSG00000137185	1.266858586	red
ENSG00000137203	6.053932467	red
ENSG00000137265	-1.304012556	green
ENSG00000137270	1.439519407	red
ENSG00000137273	4.960642468	red
ENSG00000137309	2.658746073	red
ENSG00000137709	1.166931657	red
ENSG00000137834	0.896510322	red
ENSG00000137947	-0.824322757	green
ENSG00000138083	2.083993468	red
ENSG00000138378	-0.780363235	green
ENSG00000138380	0.61578795	white
ENSG00000138738	1.391050671	red
ENSG00000138795	3.116320129	red
ENSG00000139083	0.615667635	white
ENSG00000139154	0.567609296	white
ENSG00000139352	-5.876430345	green
ENSG00000139445	-4.796702364	green
ENSG00000139515	0.962623771	red
ENSG00000139613	0.862916563	red
ENSG00000139651	0.371958028	white
ENSG00000139687	0.286405508	white
ENSG00000139800	7.413414371	red
ENSG00000140009	-0.337946758	white
ENSG00000140044	-1.221400699	green
ENSG00000140262	0.77430114	red
ENSG00000140265	0.414687441	white
ENSG00000140307	0.06024247	white
ENSG00000140548	-0.17019289	white
ENSG00000140836	0.355763396	white
ENSG00000140968	-2.02267362	green
ENSG00000140987	0.673919692	red
ENSG00000141040	1.044316132	red
ENSG00000141510	1.300649071	red
ENSG00000141646	-0.379283152	white
ENSG00000141905	-0.838232568	green
ENSG00000141956	0.179935536	white
ENSG00000142065	0.62635749	white
ENSG00000142409	-0.5202953	white
ENSG00000142556	1.077880203	red
ENSG00000142611	1.559058046	red
ENSG00000142700	4.734636888	red
ENSG00000143067	-0.467807127	white
ENSG00000143171	-2.613702787	green
ENSG00000143178	0.585177632	white
ENSG00000143190	-0.015579282	white
ENSG00000143257	-5.92167628	green
ENSG00000143355	-0.664692545	green
ENSG00000143365	-3.08062688	green
ENSG00000143373	0.559287667	white
ENSG00000143379	0.464655313	white
ENSG00000143390	1.127673296	red
ENSG00000143437	-0.673764806	green
ENSG00000143621	0.782568229	red
ENSG00000143799	-0.107701034	white
ENSG00000143842	-0.072006767	white
ENSG00000143995	1.064770217	red
ENSG00000144026	1.114796649	red
ENSG00000144355	1.947810696	red
ENSG00000144792	0.80095624	red
ENSG00000144852	-6.198042569	green
ENSG00000145734	-0.685919697	green
ENSG00000145908	2.121995882	red
ENSG00000146587	0.23981298	white
ENSG00000146757	0.826703722	red
ENSG00000147117	1.677426625	red
ENSG00000147118	0.495865332	white
ENSG00000147124	0.180455991	white
ENSG00000147133	0.389142584	white
ENSG00000147140	0.70861588	red
ENSG00000147180	2.079259764	red
ENSG00000147421	-0.210831477	white
ENSG00000147596	-1.637982838	green
ENSG00000147601	0.182156568	white
ENSG00000147862	-0.214937373	white
ENSG00000148200	-1.354797849	green
ENSG00000148516	-0.135127623	white
ENSG00000148606	0.296716408	white
ENSG00000148704	3.735316603	red
ENSG00000148737	-0.652745515	green
ENSG00000148826	-0.936855418	green
ENSG00000148835	-0.458256103	white
ENSG00000149050	0.84214643	red
ENSG00000149054	-0.145437001	white
ENSG00000149922	1.088212478	red
ENSG00000149948	4.519663871	red
ENSG00000150347	-0.331457815	white
ENSG00000150907	-2.574657106	green
ENSG00000151090	-2.230006343	green
ENSG00000151615	-2.240354578	green
ENSG00000151623	-1.916617649	green
ENSG00000151702	-0.627251918	white
ENSG00000152192	-2.974967424	green
ENSG00000152284	-1.281729211	green
ENSG00000152433	0.757785254	red
ENSG00000152439	1.135793704	red
ENSG00000152443	0.348062421	white
ENSG00000152454	0.800576388	red
ENSG00000152467	2.329130602	red
ENSG00000152475	-0.093524861	white
ENSG00000152926	1.058025692	red
ENSG00000152977	-1.788705475	green
ENSG00000153234	-2.30960536	green
ENSG00000153266	-2.304933445	green
ENSG00000153560	-0.307578521	white
ENSG00000153879	-1.126001303	green
ENSG00000154727	-0.081050515	white
ENSG00000154832	0.236570296	white
ENSG00000154957	-0.050934193	white
ENSG00000155090	-1.322249942	green
ENSG00000156127	0.21309493	white
ENSG00000156150	0.887876529	red
ENSG00000156273	-0.43258166	white
ENSG00000156853	0.141243394	white
ENSG00000156925	0	white
ENSG00000157429	1.379490252	red
ENSG00000157554	-1.120066397	green
ENSG00000157557	-3.182820341	green
ENSG00000157613	1.735369597	red
ENSG00000158691	0.974730576	red
ENSG00000158711	1.19872239	red
ENSG00000158773	-0.049746226	white
ENSG00000159184	7.589978498	red
ENSG00000159216	1.424480545	red
ENSG00000159387	5.26745409	red
ENSG00000159556	1.884724528	red
ENSG00000159692	0.230755942	white
ENSG00000159882	-0.032764752	white
ENSG00000159885	-0.452734662	white
ENSG00000159915	1.968702588	red
ENSG00000159917	-0.36467414	white
ENSG00000160094	0.704430779	red
ENSG00000160113	-0.83012782	green
ENSG00000160199	0.32803945	white
ENSG00000160224	1.9081549	red
ENSG00000160229	2.393998431	red
ENSG00000160321	1.151692131	red
ENSG00000160336	0.912208782	red
ENSG00000160352	2.633578991	red
ENSG00000160685	-0.438455111	white
ENSG00000160741	-0.021387172	white
ENSG00000160908	-0.019055185	white
ENSG00000160961	0.440428657	white
ENSG00000160973	2.382986158	red
ENSG00000161298	2.093264961	red
ENSG00000161405	-1.329494044	green
ENSG00000161551	0.040921349	white
ENSG00000161940	0.11355218	white
ENSG00000162086	0.843107162	red
ENSG00000162367	-1.297146985	green
ENSG00000162599	-2.382950061	green
ENSG00000162624	-1.492821396	green
ENSG00000162676	-0.406180853	white
ENSG00000162702	-0.034768219	white
ENSG00000162714	1.060259694	red
ENSG00000162761	-3.055815382	green
ENSG00000162772	-2.682372607	green
ENSG00000162924	-0.723663845	green
ENSG00000162992	-0.111542413	white
ENSG00000163064	6.349014459	red
ENSG00000163132	0.104150141	white
ENSG00000163435	0.907232021	red
ENSG00000163508	-1.76883858	green
ENSG00000163623	2.489337055	red
ENSG00000163666	-1.05893949	green
ENSG00000163795	-0.917679016	green
ENSG00000163848	0.107209979	white
ENSG00000163884	-3.965235341	green
ENSG00000164011	-0.29071917	white
ENSG00000164048	-0.120754111	white
ENSG00000164093	3.704584806	red
ENSG00000164107	0.586357192	white
ENSG00000164256	1.265723402	red
ENSG00000164330	1.118896451	red
ENSG00000164458	3.249034428	red
ENSG00000164532	-1.942237583	green
ENSG00000164631	0.471057544	white
ENSG00000164651	-0.183230298	white
ENSG00000164683	1.098850521	red
ENSG00000164736	-0.069251312	white
ENSG00000164749	0.818588241	red
ENSG00000164754	0.382493929	white
ENSG00000164778	5.299851912	red
ENSG00000164900	-1.272910144	green
ENSG00000164916	0.364400044	white
ENSG00000164920	2.350875784	red
ENSG00000165030	-2.87560437	green
ENSG00000165066	-0.937814973	green
ENSG00000165244	-1.640349382	green
ENSG00000165259	0.960041782	red
ENSG00000165417	-0.295795691	white
ENSG00000165462	2.377411125	red
ENSG00000165495	-0.151311679	white
ENSG00000165512	-0.832063617	green
ENSG00000165556	1.114735242	red
ENSG00000165588	-1.834491613	green
ENSG00000165606	0.003753643	white
ENSG00000165684	-0.250995919	white
ENSG00000165702	-1.757471935	green
ENSG00000165804	1.472916236	red
ENSG00000165821	2.688635182	red
ENSG00000165891	4.127195558	red
ENSG00000166211	-6.165343912	green
ENSG00000166261	0.120036692	white
ENSG00000166337	0.013451436	white
ENSG00000166478	0.317144537	white
ENSG00000166526	0.368187148	white
ENSG00000166529	0.069865868	white
ENSG00000166704	0.513428541	white
ENSG00000166823	1.004741245	red
ENSG00000166860	0.462208076	white
ENSG00000166888	-0.35319415	white
ENSG00000166949	1.02575182	red
ENSG00000167034	-2.834044107	green
ENSG00000167074	-0.621674209	white
ENSG00000167081	-0.436939136	white
ENSG00000167157	7.49138358	red
ENSG00000167182	0.235086456	white
ENSG00000167232	0.289207465	white
ENSG00000167377	0.27435364	white
ENSG00000167380	0.631913447	white
ENSG00000167384	0.1004223	white
ENSG00000167394	0.762023226	red
ENSG00000167528	0.239903417	white
ENSG00000167554	2.84821885	red
ENSG00000167555	2.064571795	red
ENSG00000167562	1.940535889	red
ENSG00000167625	0.857339868	red
ENSG00000167635	0.546045043	white
ENSG00000167637	0.737302772	red
ENSG00000167685	-0.521106866	white
ENSG00000167766	1.872589239	red
ENSG00000167785	0.407867857	white
ENSG00000167840	0.949240541	red
ENSG00000167967	0.049854179	white
ENSG00000167981	-0.467119497	white
ENSG00000168036	-0.189977643	white
ENSG00000168122	-0.514567043	white
ENSG00000168214	0.220537432	white
ENSG00000168269	-2.424904411	green
ENSG00000168310	-0.644005969	white
ENSG00000168348	0.11735453	white
ENSG00000168505	3.482968024	red
ENSG00000168610	-1.498161305	green
ENSG00000168661	-0.345947932	white
ENSG00000168779	4.522764802	red
ENSG00000168813	0.04539979	white
ENSG00000168826	-0.394163097	white
ENSG00000168875	0	white
ENSG00000169016	-0.211919333	white
ENSG00000169057	0.758533414	red
ENSG00000169083	-3.51495229	green
ENSG00000169131	0.731276203	red
ENSG00000169136	-4.850307122	green
ENSG00000169297	0	white
ENSG00000169375	-0.180881176	white
ENSG00000169548	1.157568778	red
ENSG00000169554	-0.517188584	white
ENSG00000169635	-0.2601998	white
ENSG00000169856	1.531088942	red
ENSG00000169926	0.660560009	red
ENSG00000169951	-0.046407254	white
ENSG00000169957	0.450631454	white
ENSG00000169981	0.646887123	white
ENSG00000170100	0.135001221	white
ENSG00000170166	3.174551957	red
ENSG00000170260	0.170966964	white
ENSG00000170265	0.781258375	red
ENSG00000170325	-0.020196566	white
ENSG00000170345	-2.26220932	green
ENSG00000170365	-0.761241304	green
ENSG00000170370	0.898279334	red
ENSG00000170374	3.33273205	red
ENSG00000170561	5.363318843	red
ENSG00000170577	7.555651884	red
ENSG00000170581	-0.919835905	green
ENSG00000170608	-2.94857524	green
ENSG00000170631	0.910716374	red
ENSG00000170653	0.931999062	red
ENSG00000170684	1.396346795	red
ENSG00000170689	8.722147692	red
ENSG00000170802	-1.17048885	green
ENSG00000170949	0.548850568	white
ENSG00000170954	1.657304897	red
ENSG00000171056	-1.798996975	green
ENSG00000171161	0.15837369	white
ENSG00000171223	-0.90856021	green
ENSG00000171291	1.304247786	red
ENSG00000171295	0.12825005	white
ENSG00000171425	1.617511284	red
ENSG00000171443	0.461754099	white
ENSG00000171448	1.359165139	red
ENSG00000171466	0.762361515	red
ENSG00000171469	0.78257041	red
ENSG00000171532	-0.699102235	green
ENSG00000171540	0.565362625	white
ENSG00000171574	-0.924064804	green
ENSG00000171606	-0.161383123	white
ENSG00000171634	0.844428116	red
ENSG00000171649	2.671888371	red
ENSG00000171786	-0.347016238	white
ENSG00000171817	-0.413610635	white
ENSG00000171827	-0.022594818	white
ENSG00000171872	0.103272221	white
ENSG00000171940	-0.042772458	white
ENSG00000171956	1.341958053	red
ENSG00000171970	-0.065776718	white
ENSG00000172000	-0.703304314	green
ENSG00000172006	-0.265675333	white
ENSG00000172059	-2.375396399	green
ENSG00000172201	2.695984591	red
ENSG00000172216	-1.296359804	green
ENSG00000172238	0	white
ENSG00000172262	0.113973804	white
ENSG00000172273	0.101177438	white
ENSG00000172379	3.315442909	red
ENSG00000172530	-0.105476614	white
ENSG00000172748	0.020276068	white
ENSG00000172789	6.378664896	red
ENSG00000172818	2.588065012	red
ENSG00000172819	2.305584388	red
ENSG00000172845	0.195735258	white
ENSG00000172888	0.46215812	white
ENSG00000173039	-0.488431505	white
ENSG00000173041	-0.743634232	green
ENSG00000173153	-0.396614101	white
ENSG00000173253	4.215153467	red
ENSG00000173258	-0.924470169	green
ENSG00000173275	1.005302129	red
ENSG00000173404	2.088804443	red
ENSG00000173480	0.28328607	white
ENSG00000173575	-0.391647611	white
ENSG00000173757	-0.466286577	white
ENSG00000173875	0.132837603	white
ENSG00000173917	1.164682421	red
ENSG00000173976	-1.010343127	green
ENSG00000174197	0.19647429	white
ENSG00000174255	-1.115121576	green
ENSG00000174279	0	white
ENSG00000174282	1.502302106	red
ENSG00000174332	1.134948038	red
ENSG00000174586	0.385206619	white
ENSG00000174652	0.15108448	white
ENSG00000174738	-0.725280226	green
ENSG00000174963	-0.938729451	green
ENSG00000175197	-0.206147758	white
ENSG00000175213	-0.681229363	green
ENSG00000175322	1.342622338	red
ENSG00000175329	3.265026183	red
ENSG00000175387	0.563320115	white
ENSG00000175395	0.828874895	red
ENSG00000175592	-1.080429068	green
ENSG00000175691	-0.169878216	white
ENSG00000175745	-0.059410973	white
ENSG00000175787	1.27435925	red
ENSG00000175832	4.200473299	red
ENSG00000175879	3.173371642	red
ENSG00000176024	-0.003304397	white
ENSG00000176083	1.563578419	red
ENSG00000176165	-1.989489446	green
ENSG00000176222	1.268632778	red
ENSG00000176293	0.507898572	white
ENSG00000176371	0.701900508	red
ENSG00000176399	-2.707948085	green
ENSG00000176472	-0.097753686	white
ENSG00000176678	3.501753072	red
ENSG00000176692	2.56319588	red
ENSG00000176842	3.746542489	red
ENSG00000176887	4.19985059	red
ENSG00000177030	0.948894805	red
ENSG00000177045	0.265921182	white
ENSG00000177125	0.519111805	white
ENSG00000177311	0.395836059	white
ENSG00000177374	-0.445699748	white
ENSG00000177426	0.01970215	white
ENSG00000177463	-0.300603648	white
ENSG00000177468	4.027354322	red
ENSG00000177485	-0.05243419	white
ENSG00000177508	0.811467452	red
ENSG00000177551	2.974059647	red
ENSG00000177599	0.202337592	white
ENSG00000177606	-2.056681294	green
ENSG00000177732	1.675436702	red
ENSG00000177842	0.201133562	white
ENSG00000177873	-0.236578926	white
ENSG00000177888	0.76061184	red
ENSG00000177932	-0.152092174	white
ENSG00000178150	0.358733211	white
ENSG00000178175	-0.298495955	white
ENSG00000178187	1.106575551	red
ENSG00000178229	0.530148807	white
ENSG00000178338	0.347492054	white
ENSG00000178386	0.623792937	white
ENSG00000178403	0	white
ENSG00000178573	-1.16315678	green
ENSG00000178665	0.87073396	red
ENSG00000178860	0.728013845	red
ENSG00000178913	0.924303113	red
ENSG00000178935	0.200166169	white
ENSG00000178951	0.218208705	white
ENSG00000179059	-0.142884669	white
ENSG00000179111	3.456332621	red
ENSG00000179195	1.078109995	red
ENSG00000179348	0.507908366	white
ENSG00000179388	-0.976689095	green
ENSG00000179456	-0.87544025	green
ENSG00000179528	-0.963629947	green
ENSG00000179909	0.848674877	red
ENSG00000179922	-0.318802959	white
ENSG00000179943	0.273238073	white
ENSG00000179965	-0.305052187	white
ENSG00000180035	0.839168398	red
ENSG00000180257	2.145915008	red
ENSG00000180318	2.264380932	red
ENSG00000180479	-0.59881157	white
ENSG00000180532	2.94843465	red
ENSG00000180535	-0.677338844	green
ENSG00000180626	1.644565698	red
ENSG00000180787	2.351142911	red
ENSG00000180806	7.428389058	red
ENSG00000180818	4.269955373	red
ENSG00000180828	-0.993205279	green
ENSG00000180855	0.486765737	white
ENSG00000180884	0.356484411	white
ENSG00000180938	0.908151154	red
ENSG00000181007	0.213958835	white
ENSG00000181135	1.237311586	red
ENSG00000181220	-0.224655414	white
ENSG00000181315	1.06967328	red
ENSG00000181449	2.559800172	red
ENSG00000181450	1.014012679	red
ENSG00000181472	-0.861990876	green
ENSG00000181638	1.797607965	red
ENSG00000181666	0.47477112	white
ENSG00000181690	0.917811091	red
ENSG00000181722	-0.439605714	white
ENSG00000181894	0.181209504	white
ENSG00000181896	0.670532701	red
ENSG00000182111	-0.241467005	white
ENSG00000182141	1.129305664	red
ENSG00000182318	-0.701679319	green
ENSG00000182521	0.39247664	white
ENSG00000182568	-2.202688933	green
ENSG00000182742	1.029553888	red
ENSG00000182759	2.966457202	red
ENSG00000182903	0.16071397	white
ENSG00000182944	-0.516345706	white
ENSG00000182968	1.170441224	red
ENSG00000182983	-0.843042796	green
ENSG00000182986	3.052734946	red
ENSG00000183072	3.011530166	red
ENSG00000183309	1.078057203	red
ENSG00000183621	0.092346201	white
ENSG00000183647	1.481787305	red
ENSG00000183770	1.655035883	red
ENSG00000183850	2.062753459	red
ENSG00000184058	0.054299028	white
ENSG00000184221	-0.898825366	green
ENSG00000184271	-0.259083711	white
ENSG00000184302	0	white
ENSG00000184481	0.734791979	red
ENSG00000184486	-0.175301975	white
ENSG00000184492	2.569374394	red
ENSG00000184517	-2.02955392	green
ENSG00000184635	1.693876432	red
ENSG00000184659	-0.132178479	white
ENSG00000184677	-0.247675979	white
ENSG00000184828	-1.839275948	green
ENSG00000184895	0	white
ENSG00000184937	-1.374447268	green
ENSG00000184939	1.020980732	red
ENSG00000185022	-0.907448324	green
ENSG00000185024	-0.176832891	white
ENSG00000185122	0.26591452	white
ENSG00000185129	0.027135755	white
ENSG00000185155	-1.705759788	green
ENSG00000185219	-0.840878214	green
ENSG00000185252	1.103801521	red
ENSG00000185507	-0.88797537	green
ENSG00000185551	1.389158869	red
ENSG00000185591	0.898034847	red
ENSG00000185610	-1.161153536	green
ENSG00000185630	1.034051704	red
ENSG00000185668	0.750984379	red
ENSG00000185669	-0.962902212	green
ENSG00000185670	1.050875199	red
ENSG00000185697	-0.513962354	white
ENSG00000185730	0.829317189	red
ENSG00000185811	-1.06385183	green
ENSG00000185869	0.310143498	white
ENSG00000185947	0.651746656	red
ENSG00000185960	2.506360163	red
ENSG00000186017	-0.270156971	white
ENSG00000186020	-0.140475462	white
ENSG00000186026	0.495485232	white
ENSG00000186051	5.450793213	red
ENSG00000186130	0.561577759	white
ENSG00000186230	0.936827872	red
ENSG00000186272	0.161332884	white
ENSG00000186300	0.652838073	red
ENSG00000186350	-2.908095605	green
ENSG00000186376	0.147285323	white
ENSG00000186446	1.531331444	red
ENSG00000186448	-0.338192001	white
ENSG00000186496	1.007820566	red
ENSG00000186564	2.333195446	red
ENSG00000186660	0.329134743	white
ENSG00000186777	0.016257234	white
ENSG00000186790	1.188530777	red
ENSG00000186812	0.721873498	red
ENSG00000186814	1.03612198	red
ENSG00000186951	-3.387431043	green
ENSG00000187079	0.229849338	white
ENSG00000187098	3.509159426	red
ENSG00000187140	-1.524006531	green
ENSG00000187187	0.027383181	white
ENSG00000187559	1.03906798	red
ENSG00000187607	1.444970447	red
ENSG00000187792	1.222003654	red
ENSG00000187801	1.426154012	red
ENSG00000187815	0.310681206	white
ENSG00000187987	2.587158921	red
ENSG00000188033	0.163060648	white
ENSG00000188171	1.447669859	red
ENSG00000188227	1.411635539	red
ENSG00000188283	0.008171427	white
ENSG00000188295	1.156804098	red
ENSG00000188620	-0.732396147	green
ENSG00000188629	-0.092836464	white
ENSG00000188785	0.007537258	white
ENSG00000188786	0.595214214	white
ENSG00000188816	0	white
ENSG00000188868	-1.566568475	green
ENSG00000189042	0.338315391	white
ENSG00000189144	0.218748876	white
ENSG00000189164	-0.128963313	white
ENSG00000189180	0.486497531	white
ENSG00000189190	0.915658097	red
ENSG00000189298	0.289167045	white
ENSG00000189420	1.169156151	red
ENSG00000196092	-2.216760244	green
ENSG00000196109	3.404481497	red
ENSG00000196110	0.680842046	red
ENSG00000196150	1.160859325	red
ENSG00000196152	-0.20885723	white
ENSG00000196172	1.834917606	red
ENSG00000196214	0.937756997	red
ENSG00000196247	1.81658547	red
ENSG00000196263	0.694687947	red
ENSG00000196267	1.355109131	red
ENSG00000196268	0.388224262	white
ENSG00000196323	0.363329241	white
ENSG00000196345	0.660992733	red
ENSG00000196357	0.054878577	white
ENSG00000196378	-0.208211897	white
ENSG00000196381	0.14606036	white
ENSG00000196387	-0.052990104	white
ENSG00000196391	1.074374644	red
ENSG00000196417	0.674870845	red
ENSG00000196418	1.015528936	red
ENSG00000196437	-0.602499371	white
ENSG00000196453	0.063129918	white
ENSG00000196456	1.146376965	red
ENSG00000196458	0.874752403	red
ENSG00000196466	0.002298091	white
ENSG00000196482	0.538340297	white
ENSG00000196591	0.534861034	white
ENSG00000196597	0.065048932	white
ENSG00000196605	0.851332997	red
ENSG00000196628	0.457164768	white
ENSG00000196646	0.451321816	white
ENSG00000196653	0.23609789	white
ENSG00000196670	1.691874019	red
ENSG00000196693	1.571104129	red
ENSG00000196705	2.062684615	red
ENSG00000196724	0.853482644	red
ENSG00000196757	-0.223443726	white
ENSG00000196767	-2.111456502	green
ENSG00000196793	2.861091344	red
ENSG00000196812	1.476042424	red
ENSG00000196826	-0.771986086	green
ENSG00000196946	-1.649559716	green
ENSG00000196967	0.200190276	white
ENSG00000197008	0.952611936	red
ENSG00000197013	-0.04345329	white
ENSG00000197016	-0.331675456	white
ENSG00000197020	-0.158279372	white
ENSG00000197024	0.392188077	white
ENSG00000197037	0.853792578	red
ENSG00000197044	-0.239887661	white
ENSG00000197050	-0.403602078	white
ENSG00000197054	0.610468292	white
ENSG00000197062	0.314624092	white
ENSG00000197063	0.53774732	white
ENSG00000197124	-0.157539964	white
ENSG00000197128	0.895053006	red
ENSG00000197134	0.932730931	red
ENSG00000197162	1.277198976	red
ENSG00000197213	-0.565854114	white
ENSG00000197279	0.622754818	white
ENSG00000197343	0.285783546	white
ENSG00000197360	0.045584305	white
ENSG00000197362	0.507514206	white
ENSG00000197363	0.648087095	white
ENSG00000197372	0.974359466	red
ENSG00000197385	2.111453731	red
ENSG00000197472	4.67664173	red
ENSG00000197483	0.202606276	white
ENSG00000197497	-0.497115366	white
ENSG00000197566	1.234533679	red
ENSG00000197576	0.652221805	red
ENSG00000197579	-0.936155409	green
ENSG00000197587	8.379032277	red
ENSG00000197608	0.747769886	red
ENSG00000197619	-0.40562935	white
ENSG00000197647	-0.166574505	white
ENSG00000197714	-1.011687067	green
ENSG00000197757	7.276484891	red
ENSG00000197779	0.372044445	white
ENSG00000197780	-0.272533994	white
ENSG00000197782	-0.174372614	white
ENSG00000197808	0.638781394	white
ENSG00000197841	-0.758851216	green
ENSG00000197857	-0.934212114	green
ENSG00000197863	-0.990076384	green
ENSG00000197905	2.063946453	red
ENSG00000197928	0.767471234	red
ENSG00000197933	0.038595422	white
ENSG00000197935	1.354983314	red
ENSG00000197951	2.41741981	red
ENSG00000197961	0.24018123	white
ENSG00000198026	0.131499451	white
ENSG00000198028	-0.20981281	white
ENSG00000198039	1.78940944	red
ENSG00000198040	0.816971742	red
ENSG00000198046	1.396802202	red
ENSG00000198081	-0.099245728	white
ENSG00000198093	0.008012893	white
ENSG00000198105	0.386021424	white
ENSG00000198131	1.329184865	red
ENSG00000198146	-0.831820211	green
ENSG00000198169	0.981688333	red
ENSG00000198176	-0.048747152	white
ENSG00000198182	2.321414971	red
ENSG00000198185	-0.021988132	white
ENSG00000198205	0.879356725	red
ENSG00000198300	-3.003812159	green
ENSG00000198315	0.275692516	white
ENSG00000198342	-1.429847851	green
ENSG00000198346	1.220218417	red
ENSG00000198353	4.441399336	red
ENSG00000198393	0.135807585	white
ENSG00000198429	0.787262742	red
ENSG00000198440	-0.186534649	white
ENSG00000198453	-0.086463735	white
ENSG00000198455	-0.929800066	green
ENSG00000198464	0.736664513	red
ENSG00000198466	1.003184937	red
ENSG00000198482	0.627718183	white
ENSG00000198517	0.811397263	red
ENSG00000198521	2.290628718	red
ENSG00000198538	2.373853043	red
ENSG00000198551	0.784666397	red
ENSG00000198556	0.389566497	white
ENSG00000198597	-1.137334248	green
ENSG00000198633	1.896907435	red
ENSG00000198740	-0.009072459	white
ENSG00000198795	0.883951768	red
ENSG00000198807	4.955890455	red
ENSG00000198815	0.059843664	white
ENSG00000198816	0.006767447	white
ENSG00000198911	-0.58713576	white
ENSG00000198914	3.710829369	red
ENSG00000198939	0.700422157	red
ENSG00000198963	2.167509741	red
ENSG00000203326	1.686457176	red
ENSG00000203883	-0.193404537	white
ENSG00000204060	5.792239553	red
ENSG00000204231	0.044081842	white
ENSG00000204304	0.332392342	white
ENSG00000204335	-0.666436077	green
ENSG00000204366	1.623045565	red
ENSG00000204514	0.497791305	white
ENSG00000204519	0.987026209	red
ENSG00000204524	-0.243561238	white
ENSG00000204531	1.862786403	red
ENSG00000204604	2.236885696	red
ENSG00000204611	0.397246549	white
ENSG00000204644	1.707688233	red
ENSG00000204779	1.511890049	red
ENSG00000204920	-0.435471171	white
ENSG00000204947	0.910638339	red
ENSG00000205250	0.323912478	white
ENSG00000205903	-0.323054574	white
ENSG00000205922	5.570786386	red
ENSG00000205927	-0.611179923	white
ENSG00000212993	-0.215022629	white
ENSG00000213015	1.201061895	red
ENSG00000213020	1.579928349	red
ENSG00000213096	0.048885878	white
ENSG00000213347	-0.155601701	white
ENSG00000213762	0.952772045	red
ENSG00000213799	0.776262048	red
ENSG00000213928	-0.575497851	white
ENSG00000213967	0.599811911	white
ENSG00000213973	0.078858993	white
ENSG00000213988	0.219756272	white
ENSG00000213999	-0.357430158	white
ENSG00000214029	0.582995679	white
ENSG00000214189	-2.886838976	green
ENSG00000214513	-1.488965872	green
ENSG00000214575	1.162926873	red
ENSG00000214652	1.116781169	red
ENSG00000214717	-0.343522911	white
ENSG00000215271	0.222360707	white
ENSG00000215343	0	white
ENSG00000215372	0	white
ENSG00000215397	-2.774505957	green
ENSG00000215421	0.356538894	white
ENSG00000217236	0	white
ENSG00000218891	1.064064607	red
ENSG00000221818	2.324011518	red
ENSG00000221869	-2.166087817	green
ENSG00000221923	1.889457214	red
ENSG00000221994	1.749813088	red
ENSG00000223547	0.50283448	white
ENSG00000227124	-0.447567162	white
ENSG00000229544	1.623435083	red
ENSG00000229676	0.509567085	white
ENSG00000229809	0.038870795	white
ENSG00000230797	0.895955417	red
ENSG00000231205	2.164558557	red
ENSG00000234284	0.181420779	white
ENSG00000234444	1.169815723	red
ENSG00000235109	-0.613249619	white
ENSG00000240225	-1.528761653	green
ENSG00000242441	0.384806109	white
ENSG00000242779	2.32351782	red
ENSG00000242852	1.524584612	red
ENSG00000244405	0.203887728	white
ENSG00000245680	0.510028149	white
ENSG00000245848	-3.849155328	green
ENSG00000249459	1.027603377	red
ENSG00000249471	0.069255338	white
ENSG00000249709	0.665665324	red
ENSG00000250312	0.97695863	red
ENSG00000250571	1.334730986	red
ENSG00000251192	-0.349912917	white
ENSG00000251247	-0.084529763	white
ENSG00000251369	1.128109954	red
ENSG00000251493	1.096427983	red
ENSG00000253293	4.426358888	red
ENSG00000254004	1.27926744	red
ENSG00000255073	0.528455884	white
ENSG00000256087	1.258441876	red
ENSG00000256223	-0.930099703	green
ENSG00000256229	2.191908294	red
ENSG00000256294	0.051498346	white
ENSG00000256463	1.622685269	red
ENSG00000256683	0.350571177	white
ENSG00000256771	0.76977209	red
ENSG00000257446	-0.313562296	white
ENSG00000257591	1.029639678	red
ENSG00000257923	0.715841628	red
ENSG00000258289	-0.028456269	white
ENSG00000258405	0.842340882	red
ENSG00000260027	2.998629751	red
ENSG00000260596	3.005180102	red
ENSG00000261678	1.157419102	red
ENSG00000263001	0.882796894	red
ENSG00000263002	0.662385493	red
ENSG00000264668	0.877112131	red
ENSG00000267508	2.090395935	red
ENSG00000267680	0.213891864	white
ENSG00000269404	-0.027771742	white
ENSG00000269699	-2.861761634	green
ENSG00000270011	1.606464968	red
ENSG00000272602	-0.098834821	white
ENSG00000273274	-0.202905889	white
ENSG00000273514	0.197343881	white
ENSG00000273706	0.551799749	white
ENSG00000273841	-0.488169855	white
ENSG00000274349	0.570504671	white
ENSG00000275004	0.416081953	white
ENSG00000275111	0.141472594	white
ENSG00000275410	2.076424542	red
ENSG00000277462	0.222545623	white
ENSG00000278129	0.930423634	red
ENSG00000278500	2.58196588	red
ENSG00000278570	0.48696838	white
